a,b
https://www.greenweez.com/soy-biosoy-calcium-1l-p83118,https://www.webecologie.com/autres-boissons-vegetales/9496-biosoy-calcium-3259010500049.html
https://www.carrefour.fr/p/compotes-bebe-des-4-mois-pomme-myrtille-babybio-3288131510743,https://www.webecologie.com/petit-pot/122-petit-pot-bio-pomme-myrtille-3288131510743.html?PageSpeed=noscript
https://www.greenweez.com/primeal-pois-chiches-bio-660g-p87617,https://www.webecologie.com/legumineuses-bio/11483-pois-chiches-a-la-libanaise-3380380083778.html
https://www.carrefour.fr/p/confiture-bio-fraises-fraises-des-bois-sans-gluten-fiordifrutta-8001505005608,https://www.greenweez.com/rigoni-di-asiago-fiordifrutta-citrons-260g-p81194
https://www.greenweez.com/primeal-gomasio-en-pot-250-g-p5799,https://www.webecologie.com/epice-condiment-bio/10393-gomasio-3380390255011.html
https://www.greenweez.com/primeal-millet-decortique-1-kg-p5502,https://www.webecologie.com/cereales-bio/6964-millet-500-g-3380380055256.html
https://naturalia.fr/barre-sesame-30g,https://www.webecologie.com/pain-bio/2850-pain-croustillant-bio-amarante-sesame-4016249538521.html?PageSpeed=noscript
https://www.greenweez.com/primeal-coquillettes-demi-completes-5kg-p108288,https://www.webecologie.com/pates-bio/2975-coquillettes-demi-completes-bio-3380390181402.html
https://naturalia.fr/grinioc-millet-champignons,https://www.greenweez.com/soy-galettes-grinioc-millet-champignons-2x100g-p85967
https://www.greenweez.com/ecoidees-souchet-epluche-bio-350g-p81590,https://www.webecologie.com/cereales-bio/4269-souchet-entier-bio-3760087360608.html
https://www.greenweez.com/markal-polenta-500g-p77253,https://www.webecologie.com/cereales-bio/3114-polenta-instantannee-bio-3329486371204.html
https://www.carrefour.fr/p/confiture-bio-fraises-fraises-des-bois-sans-gluten-fiordifrutta-8001505005608,https://www.greenweez.com/rigoni-di-asiago-fiordifrutta-framboises-250g-p81191
https://naturalia.fr/faux-mage-fume-150g,https://www.greenweez.com/wheaty-faux-mage-en-tranche-nature-150g-p92608
https://www.carrefour.fr/p/compotes-bebe-des-4-mois-pomme-babybio-3288131510705,https://naturalia.fr/pot-bb-pomme-2x130g-4m
https://naturalia.fr/potage-potimarron-17g,https://www.webecologie.com/soupe-bio/3784-potabio-au-potimaron-bio-3176800031883.html
https://www.carrefour.fr/p/petits-pots-bebe-des-4-mois-patate-douce-babybio-3288131510491,https://naturalia.fr/pot-bb-patdouce-2x130g-4m
https://www.greenweez.com/primeal-lupin-au-naturel-370ml-p108240,https://www.webecologie.com/farine-bio-aide-a-la-patisserie/7269-farine-de-lupin-3380380057137.html
https://www.greenweez.com/danival-mijote-de-petits-pois-525g-p107923,https://www.webecologie.com/conserve-plat-cuisine-bio/7697-petits-pois-tres-fins-3431590000649.html
https://www.greenweez.com/primeal-quinoa-noir-bio-et-sans-gluten-500-g-p100249,https://www.webecologie.com/cereales-bio/10391-quinoa-noir-3380380076459.html
https://www.carrefour.fr/p/confiture-bio-fraises-fraises-des-bois-sans-gluten-fiordifrutta-8001505005608,https://www.greenweez.com/rigoni-di-asiago-fiordifrutta-poires-250g-p81209
https://naturalia.fr/goutine-coco-125g,https://www.greenweez.com/paradeigma-goutines-chocolat-noisettes-125g-p81861
https://naturalia.fr/chicoree-200g,https://www.greenweez.com/favrichon-chicoree-200g-p69138
https://naturalia.fr/chips-coco-90g,https://www.webecologie.com/cacao/10536-petit-dejeuner-cacao-sucre-de-coco-3760087361896.html
https://naturalia.fr/chips-sel-de-guerande-100g,https://www.webecologie.com/aperitif-bio/11440-chips-au-poivre-3770000910452.html
https://www.greenweez.com/vitamont-citronnade-agrumes-bio-75-cl-p101420,https://www.webecologie.com/jus-de-fruits-bio/10283-jus-4-agrumes-3289196500106.html
https://naturalia.fr/jus-baobab-gingembre-33cl,https://www.greenweez.com/matahi-nectar-de-baobab-guarana-gingembre-330-ml-p100714
https://naturalia.fr/les-compotees-rhubarbe-2x100g,https://www.greenweez.com/danival-puree-pommes-rhubarbe-bio-4-x-100g-p80678
https://naturalia.fr/barre-cacahuete-40g,https://www.greenweez.com/pural-barre-physalis-coco-triopack-p90305
https://www.greenweez.com/babybio-2-bols-legumes-saumon-macaroni-des-12-moi-p41986,https://www.webecologie.com/assiette-bol/9167-bols-bebe-printaniere-de-legumes-saumon-macaroni-2x-200g-3288131520667.html?PageSpeed=noscript
https://naturalia.fr/bouillie-flocons-avoine-250g,https://www.greenweez.com/holle-bouillie-aux-flocons-d-avoine-250gr-p6477
https://www.greenweez.com/saveurs-nature-chocolat-noir-100-perou-sans-sucre-100g-p89909,https://www.webecologie.com/chocolat-bio/8888-tablette-100-cacao-sans-sucre-origine-perou-100g-3760077187130.html?PageSpeed=noscript
https://www.carrefour.fr/p/petits-pots-bebe-des-8-mois-carotte-tomate-pates-babybio-3288131510545,https://www.webecologie.com/petit-pot/9130-petit-pot-bebe-compotee-de-carotte-des-landes-tomate-pates-3288131510545.html?PageSpeed=noscript
https://www.greenweez.com/natali-agar-agar-bio-500g-p12027,https://www.webecologie.com/farine-bio-aide-a-la-patisserie/3723-extrait-d-algues-marines-agar-agar-3176800001824.html?PageSpeed=noscript
https://www.greenweez.com/vitamont-cola-bio-equitable-33cL-p19809,https://www.webecologie.com/jus-de-fruits-bio/10335-cola-biologique-equitable-3289196820051.html
https://www.greenweez.com/cook-clous-de-girofle-en-poudre-bio-45-g-p93989,https://www.webecologie.com/epice-condiment-bio/3910-clous-de-girofle-bio-3417960022596.html
https://www.greenweez.com/maison-meneau-sirop-de-violette-50cl-p82914,https://www.webecologie.com/sirops-bio/7103-sirop-d-orange-bio-3274490970236.html
https://naturalia.fr/lait-bb-optima-1-900g-1age,https://www.webecologie.com/lait-infantile-2eme-age/7066-lait-optima-2ieme-age-lait-de-suite-des-6-mois-3288131500034.html?PageSpeed=noscript
https://www.greenweez.com/l-angelus-pain-de-mie-cereales-350g-p95648,https://www.webecologie.com/pain-bio/10224-pain-2-camusettes-d-epeautre--3419390403730.html
https://www.greenweez.com/lima-sauce-soja-shoyu-1l-p18100,https://www.webecologie.com/epice-condiment-bio/3885-sauce-de-soja-fermente-bio-tamari-1-l-5411788036504.html
https://www.greenweez.com/danival-soupe-lentilles-corail-epices-25cl-p107917,https://www.webecologie.com/soupe-bio/6540-soupe-de-lentilles-corail-et-epices-3431590009444.html
https://naturalia.fr/boulgour-gros-concasse-1kg,https://www.webecologie.com/cereales-bio/3134-boulgour-gros-bio-3329482010015.html
https://www.greenweez.com/biscru-graines-germees-a-saupoudrer-indien-150g-p103117,https://www.webecologie.com/graines-bio-graines-a-germer/11533-graines-de-sarrasin-germees-sechees-3760270210161.html?PageSpeed=noscript
https://www.greenweez.com/kaoka-chocolat-noir-speculoos-72-100g-p108260,https://www.webecologie.com/chocolat-bio/9515-chocolat-noir-55-cacao-aux-framboises-3477730001602.html
https://www.greenweez.com/babybio-petits-pots-panais-jambon-gruyere-2x200g-p89505,https://www.webecologie.com/petit-pot/7248-petit-pot-menu-panais-jambon-des-pays-de-loire-3288131510040.html?PageSpeed=noscript
https://www.carrefour.fr/p/compotes-bebe-des-6-mois-delice-de-fruits-babybio-3288131510781,https://www.webecologie.com/petit-pot/125-petit-pot-bio-delice-de-fruits-3288131510781.html?PageSpeed=noscript
https://www.carrefour.fr/p/chocolat-bio-noir-ethiquable-3760091720603,https://www.greenweez.com/ethiquable-chocolat-noir-dessert-200g-p83758
https://naturalia.fr/original-tortilla-90g,https://www.webecologie.com/aperitif-bio/4610-tortilla-bio-original-5411788046374.html
https://naturalia.fr/pot-citrouille-poulet-190g,https://www.greenweez.com/holle-petit-pot-pomme-et-peche-190g-p45167
https://www.greenweez.com/babybio-petits-pots-pomme-de-terre-haricots-verts-des-4m-p79423,https://www.webecologie.com/petit-pot/9129-petit-pot-bebe-pomme-de-terre-haricots-verts-de-vendee-colin-3288131510088.html?PageSpeed=noscript
https://naturalia.fr/maccacino-dark-250g,https://www.greenweez.com/iswari-graines-de-chia-bio-250g-p83668
https://www.greenweez.com/destination-infusion-romarin-20x1-8g-p84684,https://www.webecologie.com/tisane-de-plantes/9887-tisane-romarin-3700111086913.html
https://naturalia.fr/cocktail-de-legumes-380g,https://www.greenweez.com/nutriform-cocktail-de-legumes-lacto-fermentes-bio-44-6cl-p92940
https://www.greenweez.com/maison-meneau-sirop-de-citron-bio-1-l-p6046,https://www.webecologie.com/sirops-bio/4523-sirop-de-citron-bio-1-l-3274490970953.html
https://www.greenweez.com/vitamont-pur-jus-d-oranges-bio-1L-p19746,https://www.webecologie.com/jus-de-fruits-bio/10282-pur-jus-de-clementine-3289196500083.html
https://www.greenweez.com/bonneterre-miel-d-acacia-bio-roumanie-500g-p47405,https://www.webecologie.com/miel-bio/7189-miel-d-acacia-3396411218712.html
https://www.carrefour.fr/p/compote-bebe-des-6-mois-poire-bio-good-gout-3760269310179,https://www.greenweez.com/good-gout-plat-prepare-carottes-poulet-190g-des-6-mois-p12791
https://www.greenweez.com/babybio-bol-pomme-de-terre-artichaut-ricotta-2x200g-p88020,https://www.webecologie.com/assiette-bol/9165-bols-bebe-puree-de-pomme-de-terre-du-val-de-loire-artichaut-2x-200g-3288131520285.html?PageSpeed=noscript
https://naturalia.fr/pot-bb-mais-poulet-2x200g-8m,https://www.greenweez.com/babybio-menu-mais-doux-poulet-fermier-8-mois-2-x-200g-p9652
https://naturalia.fr/ptit-beurre-cereales-150g,https://www.webecologie.com/biscuit-bio/3069-petit-beurre-au-miel-bio-3760005450190.html
https://naturalia.fr/kefir-figue-citron-50cl,https://www.greenweez.com/karma-frais-kefir-figue-citron-50cl-p88802
https://naturalia.fr/boisson-avoine-nature-1l,https://www.greenweez.com/bonneterre-boisson-avoine-nature-1l-p80199
https://naturalia.fr/cool-fruits-pomme-90g,https://www.greenweez.com/vitabio-cool-fruits-pomme-acerola-bio-gourdes-de-fruits-12x90g-p70276
https://www.greenweez.com/primeal-farine-de-seigle-t130-500-g-p5723,https://www.webecologie.com/farine-bio-aide-a-la-patisserie/3555-farine-de-seigle-t130-bio-1kg-3380390122306.html?PageSpeed=noscript
https://www.greenweez.com/bonneterre-miel-fleurs-de-montagne-bio-bresil-500g-p47410,https://www.webecologie.com/miel-bio/7191-miel-de-fleurs-de-montagne-3396411218750.html
https://www.greenweez.com/markal-riz-long-blanc-camargue-1kg-p87278,https://www.webecologie.com/riz-bio/5459-riz-long-blanc-etuve-bio-3329485271123.html
https://www.greenweez.com/germ-line-graines-a-germer-bio-poireau-50g-p69500,https://www.webecologie.com/graines-bio-graines-a-germer/10276-alfalfa-graines-a-germer-3465511101153.html
https://www.greenweez.com/primeal-coudes-quinoa-tomate-500g-p5652,https://www.webecologie.com/pates-bio/7457-spaghetti-quinoa-tomate-3380380051067.html
https://www.carrefour.fr/p/oranges-a-dessert-bio-3276550311836,https://naturalia.fr/kit-a-pousser-champ-pleurote
https://www.greenweez.com/celnat-farine-precuite-de-kokkoh-bio-250g-p68485,https://www.webecologie.com/sauce-bio/7419-creme-de-kokkoh-farine-precuite-3273120015132.html
https://naturalia.fr/pdt-carotte-et-veau-2x200g,https://www.webecologie.com/petit-pot/123-petit-pot-bio-pomme-coing-3288131510750.html?PageSpeed=noscript
https://www.greenweez.com/jean-herve-puree-de-noisettes-bio-350g-p10565,https://www.webecologie.com/pate-a-tartiner-bio/3650-puree-de-noisettes-bio-350-g-3390390000061.html?PageSpeed=noscript
https://naturalia.fr/pt-pot-panais-har-riz-2x200g,https://www.webecologie.com/assiette-bol/11438-assiette-haricots-verts-de-vendee-panais-riz-3288131530765.html?PageSpeed=noscript
https://www.greenweez.com/bonneterre-nids-au-petit-epeautre-bio-250g-p88687,https://www.webecologie.com/pates-bio/6843-nids-au-petit-epeautre-3396410047719.html
https://www.greenweez.com/bonneterre-choucroute-au-naturel-bio-790g-p88635,https://www.webecologie.com/conserve-plat-cuisine-bio/2934-choucroute-au-naturel-bio-790-g-3396410015602.html?PageSpeed=noscript
https://naturalia.fr/soupe-5-legumes-soleil-50cl,https://www.webecologie.com/soupe-bio/3777-soupe-5-legumes-du-soleil-bio-3431590008355.html
https://www.greenweez.com/markal-riz-long-complet-camargue-1kg-p77327,https://www.webecologie.com/riz-bio/9240-riz-long-complet-de-camargue-3329485111122.html
https://naturalia.fr/biscottes-epeautre-200g,https://www.greenweez.com/holle-biscottes-bebe-a-l-epeautre-200g-p6481
https://naturalia.fr/rapadura-500g,https://www.greenweez.com/rapunzel-rapadura-sucre-de-canne-complet-bio-500g-p17074
https://naturalia.fr/bouillie-3-cereales-250g,https://www.greenweez.com/holle-bouillie-bebe-aux-3-cereales-250gr-p6474
https://naturalia.fr/biscuits-vanille-sg-250g,https://www.webecologie.com/biscuits-secs/11008-p-tits-sables-vanille-sans-gluten-3396411224966.html
https://www.greenweez.com/evernat-p-tits-sables-vanille-sans-gluten-250g-p83353,https://www.webecologie.com/biscuits-secs/11008-p-tits-sables-vanille-sans-gluten-3396411224966.html
https://www.carrefour.fr/p/chocolat-au-lait-gingembre-graines-de-lin-perou-bio-ethiquable-3760091721600,https://www.greenweez.com/ethiquable-chocolat-lait-gingembre-graines-de-lin-bio-100g-p83781
https://www.carrefour.fr/p/plat-bebe-des-8-mois-legumes-babybio-3288131520872,https://www.greenweez.com/babybio-petit-pots-menu-legumes-cabillaud-8-mois-2x200g-p9655
https://www.greenweez.com/saveurs-nature-bouchees-de-chocolat-au-lait-coco-3x15g-p89917,https://www.webecologie.com/confiserie-bio/9965-bouchees-coco-chocolat-au-lait-3760077187642.html
https://www.greenweez.com/danival-ratatouille-670g-p107924,https://www.webecologie.com/conserve-plat-cuisine-bio/3755-ratatouille-du-moulin-670-g-3431590000113.html?PageSpeed=noscript
https://www.greenweez.com/lima-sauce-soja-teriyaki-250ml-p83036,https://www.webecologie.com/epice-condiment-bio/3883-sauce-de-soja-fermente-bio-tamari-250-ml-5411788036498.html?PageSpeed=noscript
https://www.greenweez.com/ladrome-eau-florale-fleur-d-oranger-bio-pour-usage-alimentaire-200ml-p59138,https://www.webecologie.com/farine-bio-aide-a-la-patisserie/8106-eau-florale-d-oranger-3486330044728.html?PageSpeed=noscript
https://www.greenweez.com/lima-boisson-bio-riz-noisette-amande-3x200ml-p16548,https://www.webecologie.com/autres-boissons-vegetales/4304-boisson-noisette-amande-bio-1l-5411788041164.html?PageSpeed=noscript
https://www.carrefour.fr/p/compotes-bebe-des-6-mois-poire-banane-millet-babybio-3288131540191,https://www.greenweez.com/babybio-4-gourdes-poire-banane-millet-des-6-mois-p46925
https://www.greenweez.com/primeal-petit-epeautre-haute-provence-500g-p5494,https://www.webecologie.com/cereales-bio/3041-petit-epeautre-haute-provence-bio-3380390021401.html
https://www.greenweez.com/destination-the-vert-menthe-marrakech-bio-15x2g-p48005,https://www.webecologie.com/the-vert/6473-the-vert-a-la-menthe-100-g-3700110008275.html
https://naturalia.fr/moelleux-cacao-sg-180g,https://www.greenweez.com/bonneterre-moelleux-sarrasin-cacao-sans-gluten-180gr-p80220
https://naturalia.fr/noix-d-amazonie-125g,https://www.greenweez.com/pronatura-noix-d-amazonie-125g-p46082
https://naturalia.fr/tisane-3-gingembres-20inf,https://www.greenweez.com/pukka-tisane-3-gingembres-bio-20-sachets-p80044
https://naturalia.fr/macaroni-bch-500g,https://www.greenweez.com/lazzaretti-pennes-semi-completes-bio-500g-p44118
https://naturalia.fr/jus-de-clementine-75cl-3330361,https://www.greenweez.com/vitamont-pur-jus-d-ananas-bio-75cL-p19758
https://naturalia.fr/cocktail-mangue-banane-75cl,https://www.greenweez.com/vitamont-cocktail-mangue-banane-75cl-p79943
https://www.greenweez.com/markal-riz-basmati-demi-complet-500g-p77318,https://www.webecologie.com/riz-bio/3100-riz-basmati-complet-bio-3329485411208.html
https://www.greenweez.com/maison-meneau-sirop-de-menthe-glaciale-50cl-p82920,https://www.webecologie.com/sirops-bio/4524-sirop-de-menthe-bio-1-l-3274490970595.html
https://naturalia.fr/flakes-3-chocolats-450g,https://www.greenweez.com/favrichon-flakes-3-chocolats-bio-400g-p84219
